0.15833873	0.38089618	-0.35360977	0.13969673	-0.29740664	0.48812193	-0.3282766	-0.089877896	0.24463148	0.28226462	-0.21872044	0.17499967	-0.20904218	0.6634353	-0.48222813	-0.3946268	0.4046506	0.093618914	-0.21525246	0.43153614	0.44628054	0.055553377	0.34431973	-0.34325877	0.23938458	-0.3376985	0.24365957	-0.08361473	0.27568406	-0.39053574
0.17728566	0.40023538	-0.38460913	0.14776711	-0.3446387	0.52393514	-0.3417709	-0.0780775	0.28295887	0.2816548	-0.24129443	0.16114128	-0.20543812	0.7198617	-0.5005186	-0.40031922	0.44774526	0.10116613	-0.22894602	0.46511143	0.46139827	0.03492293	0.36642313	-0.3574743	0.23841213	-0.38365543	0.24297413	-0.11801951	0.31486326	-0.42264733
0.19508159	0.45537353	-0.41248807	0.15441784	-0.3710582	0.61518204	-0.38359603	-0.10969495	0.30982423	0.31710705	-0.27502766	0.19478345	-0.23944849	0.8125269	-0.5699935	-0.47430027	0.51863736	0.13577972	-0.28517765	0.5395072	0.52448344	0.03343677	0.4074207	-0.42785564	0.25988692	-0.42821583	0.30867365	-0.11046614	0.3445655	-0.49740237
0.14165473	0.38567737	-0.3364102	0.114147395	-0.31756273	0.4818263	-0.32592437	-0.10490476	0.25332147	0.2668267	-0.22954926	0.17353462	-0.21831794	0.656914	-0.47542727	-0.3742373	0.3943793	0.11662372	-0.24541093	0.44865906	0.4210022	0.058535315	0.33154178	-0.32399556	0.2291296	-0.35241565	0.22964285	-0.10170222	0.2776754	-0.3811235
0.16159678	0.39117482	-0.35162157	0.1411855	-0.32620245	0.5141372	-0.32602432	-0.10299771	0.24840811	0.26537138	-0.23538928	0.16852358	-0.19079438	0.6727096	-0.4577289	-0.39611742	0.42698288	0.11477386	-0.21674968	0.45739207	0.44618654	0.053593345	0.3452085	-0.35057777	0.22321789	-0.348286	0.24467275	-0.09555005	0.30328426	-0.4149385
0.14860721	0.34746346	-0.33552518	0.10498964	-0.2965108	0.46499777	-0.29978675	-0.09880796	0.23828444	0.2603925	-0.2152653	0.16701338	-0.20414308	0.62816924	-0.44420743	-0.36420798	0.3761862	0.09445931	-0.22898206	0.41466752	0.41816765	0.05542062	0.33291218	-0.3083219	0.22628322	-0.35039312	0.23701091	-0.08653449	0.2566805	-0.3797215
0.15041225	0.39476088	-0.33848822	0.113091305	-0.3031061	0.49533135	-0.30697015	-0.10480076	0.25549775	0.28953484	-0.23357137	0.16792569	-0.1947945	0.6620309	-0.47251853	-0.38169652	0.40730774	0.11914685	-0.24829124	0.43948403	0.44745612	0.034393672	0.35903072	-0.33942857	0.22700758	-0.35167688	0.25571665	-0.09520113	0.29446772	-0.3945834
0.182283	0.42147425	-0.38981816	0.14465223	-0.34610075	0.5646549	-0.35291627	-0.09471561	0.2799916	0.31232685	-0.24714592	0.19085522	-0.23229678	0.71019125	-0.51307756	-0.42328975	0.45067868	0.12254477	-0.25225848	0.49233246	0.50720716	0.03961499	0.3958396	-0.37991473	0.2718781	-0.38545978	0.27126572	-0.10708307	0.3287967	-0.45460916
0.16687573	0.37401173	-0.32798538	0.12667248	-0.3032303	0.4743494	-0.28597867	-0.075320154	0.25451797	0.25065884	-0.20352693	0.16842912	-0.20364371	0.64118177	-0.45329183	-0.36287594	0.4081461	0.1117204	-0.21733907	0.42460653	0.42955568	0.035929587	0.3361514	-0.31850925	0.23174396	-0.3436171	0.21822792	-0.1043834	0.2816558	-0.38916233
0.17040353	0.4139171	-0.37467876	0.13934317	-0.34733668	0.5451061	-0.32133108	-0.09328306	0.2622355	0.30200288	-0.22830197	0.17914811	-0.21853799	0.7044549	-0.50289047	-0.4059954	0.4532752	0.13028306	-0.24763697	0.47963995	0.4823886	0.042767167	0.3759239	-0.352292	0.25208506	-0.35648304	0.25406387	-0.10468003	0.2976547	-0.43227157
0.16145436	0.3829723	-0.3616633	0.13436285	-0.3300142	0.52612823	-0.33623633	-0.09592791	0.24611609	0.2948581	-0.21461956	0.1619658	-0.1954937	0.6684277	-0.48731524	-0.4115645	0.4386085	0.106977604	-0.22407432	0.4659657	0.4565737	0.049364787	0.3612157	-0.3547193	0.24452008	-0.34704903	0.26199615	-0.10539058	0.29955658	-0.40608633
0.15752824	0.37987155	-0.3259376	0.13641042	-0.30365887	0.4963215	-0.31846213	-0.102948695	0.25713032	0.26101592	-0.20535147	0.1600197	-0.20720704	0.6696177	-0.44770625	-0.38340628	0.3989657	0.108904764	-0.22924292	0.4552546	0.4443027	0.030761058	0.33088633	-0.33381644	0.21168451	-0.3570234	0.23473014	-0.08599634	0.2905546	-0.4007879
0.14370807	0.3541325	-0.35053688	0.13719676	-0.31510928	0.50642294	-0.30095175	-0.077037245	0.23741299	0.2704693	-0.20342201	0.16681431	-0.2036449	0.6677755	-0.46121544	-0.38205788	0.39748186	0.093628705	-0.2212107	0.45705065	0.44968298	0.057954993	0.35907358	-0.31991	0.21864031	-0.3498854	0.23566087	-0.10762714	0.2981125	-0.41057456
0.17586969	0.38752344	-0.3620584	0.12689945	-0.33244866	0.52740717	-0.33266348	-0.08885142	0.2579964	0.27932775	-0.2274732	0.17265464	-0.20919046	0.69077957	-0.49557045	-0.3807371	0.4419866	0.12539849	-0.23998909	0.45488727	0.46395922	0.02874863	0.3579745	-0.36791825	0.23693268	-0.35577378	0.25057927	-0.10635866	0.30389416	-0.40511736
0.1759836	0.413525	-0.39193085	0.1338403	-0.35796893	0.55349916	-0.3631749	-0.098750494	0.27212265	0.29071236	-0.24345972	0.17245413	-0.21558954	0.74288017	-0.50177425	-0.42183104	0.45370084	0.10994641	-0.25291184	0.51163584	0.4820695	0.033530366	0.38760474	-0.39266685	0.24484181	-0.38980144	0.26289597	-0.102740556	0.33613902	-0.44765237
0.1564874	0.3720323	-0.34523612	0.1289743	-0.28280568	0.48935652	-0.32625028	-0.08119908	0.23773561	0.28614685	-0.23251219	0.16033836	-0.21315192	0.6607775	-0.47423592	-0.377313	0.41521078	0.087980144	-0.235576	0.43771228	0.4415874	0.04082913	0.32651272	-0.35153443	0.21410395	-0.33372736	0.24830902	-0.10605843	0.28977326	-0.39309236
0.1803856	0.40314707	-0.34010965	0.1255193	-0.31444657	0.51727504	-0.33132765	-0.07717583	0.27084276	0.26555976	-0.23398872	0.17435391	-0.21036874	0.6953207	-0.49001455	-0.3953923	0.43021303	0.10252168	-0.2505021	0.47108942	0.457603	0.03576747	0.36663523	-0.33666846	0.24567905	-0.3535566	0.25838518	-0.113248415	0.29994977	-0.42627957
0.16970655	0.38658476	-0.33176243	0.14004996	-0.32836503	0.5152959	-0.3060168	-0.09233281	0.26596773	0.2832528	-0.21813369	0.17679515	-0.202174	0.68124557	-0.47083083	-0.38909936	0.42403278	0.10260719	-0.2380713	0.45049915	0.45146888	0.04453469	0.36320794	-0.3390084	0.23309815	-0.362612	0.2404224	-0.09756532	0.3069643	-0.41162455
0.12655777	0.29714888	-0.28203538	0.09102421	-0.23663494	0.40844533	-0.24405184	-0.069108866	0.19352819	0.22194111	-0.17013012	0.117075644	-0.16568305	0.5286442	-0.36064476	-0.31805927	0.31640488	0.08680773	-0.1927366	0.3483813	0.3632806	0.03384366	0.27176794	-0.27935913	0.17173572	-0.2877704	0.20669305	-0.07775648	0.22555561	-0.3179914
0.12065945	0.3072626	-0.29956028	0.10333624	-0.2499859	0.41448975	-0.28375927	-0.06313202	0.22524756	0.2280125	-0.2010262	0.15163486	-0.18284863	0.56486326	-0.3955944	-0.3289027	0.34827286	0.08422733	-0.20083003	0.39088273	0.39518923	0.048009675	0.29177406	-0.2964032	0.21164297	-0.29712525	0.21336581	-0.07923631	0.2575421	-0.3514255
0.16059995	0.40251967	-0.3560241	0.14907968	-0.32796547	0.52603257	-0.32044974	-0.08810859	0.2827847	0.27289686	-0.23084377	0.1752625	-0.22776678	0.6870388	-0.5087551	-0.39787754	0.4301363	0.10084293	-0.22734927	0.48037475	0.4790531	0.031334564	0.3728711	-0.34312835	0.22710408	-0.3857762	0.2514478	-0.11727941	0.28703654	-0.43400052
0.15202199	0.3192734	-0.29502982	0.09756539	-0.27604392	0.44113934	-0.2662856	-0.084013686	0.21206588	0.23981258	-0.18678997	0.15424097	-0.17988138	0.60535276	-0.4126071	-0.32645404	0.3658902	0.089262724	-0.20787834	0.41483963	0.39994618	0.030889634	0.3246123	-0.2961648	0.20173341	-0.30799237	0.20584407	-0.07832498	0.25756645	-0.3477789
0.12974851	0.3269851	-0.30313224	0.12088676	-0.2668259	0.40858075	-0.25847337	-0.0903828	0.22728525	0.21367905	-0.18202178	0.14715117	-0.16994625	0.56957024	-0.40486374	-0.3128726	0.34645325	0.105747744	-0.19992162	0.39350626	0.37492687	0.038655236	0.2916805	-0.3002396	0.20097375	-0.30842975	0.19608144	-0.097277954	0.25402075	-0.32240146
0.14968286	0.31731042	-0.28898504	0.09077241	-0.2629131	0.42038336	-0.26626343	-0.0633227	0.20924592	0.23767331	-0.1778933	0.13290834	-0.1867491	0.54964507	-0.39157146	-0.32637796	0.35780782	0.108320385	-0.20444204	0.36277393	0.3926631	0.044314157	0.28527412	-0.29530933	0.20609538	-0.29136673	0.21967188	-0.09316747	0.23647003	-0.32692283
0.14062557	0.33717433	-0.31236088	0.13303195	-0.26377097	0.45289174	-0.29441077	-0.08257042	0.23332247	0.26384723	-0.2021314	0.15181884	-0.17146847	0.6006279	-0.43748865	-0.35853025	0.39047334	0.0823505	-0.1959956	0.39274505	0.40001094	0.053966567	0.30103964	-0.31075203	0.22573352	-0.31084016	0.2102748	-0.10077067	0.27843538	-0.36854893
0.17473856	0.40636793	-0.34476775	0.11901036	-0.31754914	0.5327519	-0.3427818	-0.10222536	0.26928905	0.29592836	-0.24237952	0.17112096	-0.21873747	0.6804014	-0.5017808	-0.4141208	0.44502896	0.11934518	-0.2289867	0.48123547	0.44690207	0.036869127	0.3457319	-0.35609114	0.2468459	-0.35425654	0.24544814	-0.105341524	0.29113528	-0.42120934
0.13303195	0.33748826	-0.30705068	0.103649914	-0.28769916	0.4565149	-0.2908845	-0.0941479	0.23576656	0.25694972	-0.19858517	0.16077755	-0.19268198	0.58961165	-0.43506208	-0.33467457	0.37267414	0.09511323	-0.1987089	0.384549	0.41510624	0.02949395	0.32758054	-0.32317126	0.22438662	-0.3036294	0.20776577	-0.097939044	0.2580242	-0.34311423
0.13645276	0.3452867	-0.32834566	0.12806839	-0.30439404	0.46022815	-0.2994508	-0.09786047	0.24926782	0.24570367	-0.21796007	0.1573568	-0.20847881	0.6351148	-0.4362953	-0.36079165	0.40115854	0.0849513	-0.23476867	0.43740582	0.41110578	0.047197312	0.3273435	-0.32966825	0.20679347	-0.34515572	0.21546179	-0.09709763	0.28048316	-0.36585635
0.14832805	0.3249537	-0.3008627	0.12692238	-0.25121146	0.4397633	-0.2793654	-0.07342874	0.20678252	0.244366	-0.1810237	0.13249427	-0.18114893	0.575179	-0.41159767	-0.3396975	0.35596108	0.105650485	-0.1856831	0.3779457	0.38574696	0.02499708	0.30648437	-0.30140686	0.19261792	-0.29125014	0.20669049	-0.097359724	0.24113524	-0.34897912
0.1567113	0.333151	-0.30264172	0.122969486	-0.27468404	0.4681918	-0.27314395	-0.08570188	0.2263484	0.25978315	-0.18994467	0.16883774	-0.18689814	0.61798644	-0.4211029	-0.36162406	0.36602733	0.10132713	-0.2260192	0.41846117	0.41529575	0.025451751	0.32622778	-0.32005835	0.21284282	-0.32629457	0.20767896	-0.10733266	0.25501066	-0.37684122
0.15140861	0.33449697	-0.3053592	0.12992336	-0.27592304	0.47013542	-0.284064	-0.07949778	0.22220592	0.24371849	-0.22032572	0.16475128	-0.1824963	0.6165803	-0.4241479	-0.35347155	0.39486292	0.11322164	-0.22250104	0.407973	0.39878273	0.044186264	0.31970528	-0.31306994	0.22567311	-0.3124155	0.22819646	-0.1047207	0.266528	-0.37118176
0.14386621	0.30628937	-0.2778956	0.116706625	-0.25581127	0.4271686	-0.27124193	-0.071745515	0.20343573	0.23389328	-0.19316716	0.14596437	-0.15812851	0.55398774	-0.4006254	-0.31055433	0.34135738	0.08059452	-0.17782563	0.3655661	0.3824564	0.033862293	0.29340887	-0.30100483	0.19593115	-0.28048614	0.20654409	-0.0740768	0.23751473	-0.32940924
0.12164387	0.28899166	-0.2643088	0.092038885	-0.23024607	0.3452398	-0.2345304	-0.07593769	0.16892658	0.19159682	-0.14705226	0.105044365	-0.14545768	0.46216437	-0.3284647	-0.27007842	0.29656717	0.07201435	-0.16848394	0.32324693	0.3383479	0.023359645	0.2558242	-0.25477734	0.17987336	-0.25096345	0.16912986	-0.069762014	0.20769739	-0.29844165
0.11653743	0.31102434	-0.27062368	0.09206447	-0.23786566	0.39067388	-0.25912264	-0.06452918	0.20073496	0.20570171	-0.19412361	0.120496705	-0.17606828	0.5207939	-0.37148708	-0.30765146	0.31629917	0.085303225	-0.17535228	0.35746685	0.3704378	0.020329747	0.2953157	-0.25796443	0.16865937	-0.29552504	0.19635253	-0.081274845	0.24166955	-0.3156175
0.16504677	0.3587433	-0.33324116	0.110698424	-0.295936	0.47889653	-0.2934792	-0.07881947	0.24128212	0.26255867	-0.21587424	0.15711375	-0.2067198	0.62992036	-0.44777086	-0.35146767	0.39955714	0.10367404	-0.21244617	0.4216879	0.41956997	0.05209188	0.3504379	-0.33701143	0.23149116	-0.35284558	0.2451346	-0.08659965	0.2606495	-0.37386104
0.12250107	0.3105864	-0.27391976	0.095502704	-0.2431689	0.40335223	-0.27908137	-0.08335788	0.22491956	0.23974483	-0.18428755	0.13816312	-0.15827946	0.5660375	-0.39369798	-0.32535586	0.36386395	0.10368644	-0.19565666	0.38344836	0.35924047	0.03926044	0.30022636	-0.29314014	0.19800179	-0.298698	0.21133432	-0.08243916	0.2261184	-0.35139892
0.14225444	0.35911012	-0.31431833	0.11603845	-0.28254336	0.4653266	-0.28472847	-0.08528794	0.22310704	0.26187763	-0.21191514	0.16035506	-0.20217638	0.64013904	-0.43502125	-0.35621107	0.39981166	0.10785861	-0.220619	0.4353953	0.4280247	0.028175823	0.34033045	-0.32778245	0.19908956	-0.33875248	0.23610605	-0.08219841	0.27519023	-0.37245664
0.15112841	0.33121628	-0.30528334	0.09365374	-0.26890263	0.4370069	-0.27748746	-0.07870594	0.22861497	0.24316038	-0.18616728	0.15112388	-0.17846966	0.5576098	-0.38779488	-0.33797085	0.34789056	0.07887902	-0.20058696	0.38163975	0.3921346	0.037270103	0.30180457	-0.29558554	0.18680719	-0.29331997	0.20137374	-0.08419582	0.25306332	-0.34811074
0.14984003	0.3716705	-0.33444294	0.10834371	-0.2980105	0.4882993	-0.29936033	-0.07088422	0.25235322	0.25074774	-0.19680077	0.16526815	-0.1999738	0.61585265	-0.44062626	-0.3756173	0.4070958	0.11348879	-0.2246903	0.43753204	0.4104492	0.023036536	0.33161187	-0.32833663	0.21573244	-0.34437796	0.23357229	-0.0954545	0.26006714	-0.36245772
0.16178171	0.37853888	-0.37595162	0.12965202	-0.31314528	0.5281884	-0.3341798	-0.080932	0.24938226	0.29892865	-0.22091137	0.1713805	-0.2279003	0.6908128	-0.48115158	-0.39533576	0.43637145	0.113578826	-0.2578559	0.4764121	0.47082347	0.06194502	0.3558893	-0.3619536	0.25776422	-0.38648602	0.24056442	-0.11503418	0.30200842	-0.4071592
0.14025918	0.33448514	-0.33256766	0.13050452	-0.29901192	0.46571535	-0.29955497	-0.08527685	0.22939156	0.24656837	-0.2236676	0.16882607	-0.1746307	0.6289677	-0.43730795	-0.35085818	0.38590392	0.09213353	-0.22513537	0.4043327	0.4180996	0.050217114	0.3291975	-0.3193079	0.20958245	-0.32798824	0.2073325	-0.076458044	0.2568255	-0.35806027
0.14406697	0.36356246	-0.35540056	0.12176755	-0.31470987	0.4862237	-0.3229804	-0.08648031	0.2651094	0.2601199	-0.20466882	0.1707865	-0.19254187	0.6579883	-0.46644488	-0.39391297	0.41269052	0.106624335	-0.2123644	0.4474738	0.45336816	0.03680207	0.35427412	-0.33656037	0.22278346	-0.35969892	0.23363762	-0.09998755	0.2927019	-0.3890411
0.15796266	0.3683434	-0.367866	0.1237393	-0.32059476	0.50701076	-0.31672454	-0.08162375	0.25833657	0.28610075	-0.24479437	0.15813302	-0.21575178	0.6776351	-0.4687493	-0.3991016	0.41073784	0.10008562	-0.21929285	0.46435782	0.44317162	0.051192883	0.36352083	-0.3312447	0.21847455	-0.3636158	0.24167764	-0.11437562	0.29068244	-0.40658417
0.15518296	0.35497898	-0.32569924	0.12272138	-0.30551612	0.49141353	-0.30318347	-0.07696406	0.23835516	0.2576172	-0.2199163	0.14486401	-0.183641	0.6266147	-0.4454882	-0.36308545	0.40739024	0.11358229	-0.23746695	0.42562354	0.43251246	0.049319603	0.34571958	-0.34029385	0.22157073	-0.3514298	0.23853508	-0.10713801	0.2744533	-0.37486887
0.15262935	0.358193	-0.34682515	0.116337806	-0.3122487	0.49264783	-0.28673744	-0.08870649	0.25982907	0.24603824	-0.20966199	0.14809956	-0.21307814	0.62711567	-0.45904535	-0.37453634	0.3838563	0.10848589	-0.22721563	0.42438278	0.440423	0.047078054	0.34253594	-0.33633468	0.21249819	-0.34843603	0.23416913	-0.08530823	0.28088185	-0.38508007
0.14521757	0.31589386	-0.29977652	0.09848039	-0.26186585	0.41928023	-0.25591072	-0.06039047	0.21527667	0.2338245	-0.20134443	0.13908908	-0.16826159	0.5594525	-0.39035723	-0.32510355	0.34583154	0.09493344	-0.19614938	0.37240356	0.36628425	0.036769565	0.29800072	-0.29146674	0.20285207	-0.30942953	0.20502399	-0.077497035	0.23510739	-0.35039705
0.12864369	0.3353492	-0.29353815	0.10631824	-0.2607116	0.4226977	-0.2822107	-0.074405216	0.23087469	0.24863467	-0.1937412	0.15437767	-0.17969501	0.5690259	-0.39405382	-0.31817183	0.35597497	0.09733062	-0.21430741	0.38782415	0.38455263	0.040247142	0.30528307	-0.29351777	0.21077545	-0.3083417	0.20426138	-0.09160365	0.23670313	-0.34046018
0.11700554	0.24648283	-0.20435572	0.0741034	-0.20332544	0.322528	-0.1957322	-0.060837615	0.1458708	0.16680293	-0.1490483	0.090177655	-0.12952594	0.4077456	-0.29537028	-0.23330422	0.2710133	0.06717831	-0.14537457	0.28096482	0.2799081	0.03384039	0.20765202	-0.1999652	0.14354706	-0.22792026	0.15481178	-0.06128533	0.18780181	-0.25320467
0.15263554	0.32188737	-0.30264288	0.11939155	-0.26690352	0.43183738	-0.27473277	-0.06085711	0.2336317	0.22270292	-0.1792895	0.13899818	-0.17000693	0.5868154	-0.414999	-0.34315038	0.35519448	0.10174958	-0.20640966	0.39490825	0.36788937	0.041869868	0.31054807	-0.2768875	0.18292396	-0.304012	0.21316457	-0.08592866	0.24543187	-0.34562388
0.17235011	0.41274813	-0.35911572	0.12430351	-0.33090413	0.53974164	-0.343262	-0.10997832	0.27515432	0.2818049	-0.23244932	0.16613914	-0.22957145	0.702939	-0.50748706	-0.42520666	0.45904765	0.113839775	-0.24714749	0.4724782	0.47440064	0.043394815	0.36559036	-0.38486224	0.23593695	-0.37948078	0.2609124	-0.11215149	0.3276737	-0.4299741
0.1262709	0.24535663	-0.23913363	0.0735605	-0.22274931	0.33025753	-0.20400514	-0.05000497	0.1870871	0.18275037	-0.14777632	0.11637185	-0.14826024	0.45931703	-0.33287004	-0.2601385	0.2952463	0.06596549	-0.16422746	0.31212476	0.3103112	0.018442	0.23915105	-0.24735005	0.17018545	-0.25416535	0.17749174	-0.08086511	0.20162669	-0.27837598
0.14217187	0.32180658	-0.29047614	0.120193444	-0.27949002	0.4410368	-0.29069048	-0.07993883	0.22476617	0.24250787	-0.2098512	0.16311635	-0.18784478	0.60763234	-0.41332436	-0.33744994	0.3690197	0.09738313	-0.19727589	0.40254343	0.41283557	0.049693454	0.3239822	-0.31724647	0.19270165	-0.3004118	0.22700883	-0.08295054	0.24815594	-0.36687425
0.14034481	0.32174265	-0.29811895	0.12376572	-0.26984054	0.44581717	-0.29444396	-0.07023948	0.21176118	0.23438281	-0.21315096	0.13689326	-0.17360072	0.5993007	-0.42905748	-0.35352254	0.36284512	0.105090685	-0.21073008	0.40626028	0.40744987	0.018279254	0.3010158	-0.29979426	0.19650066	-0.2994172	0.20102146	-0.0982154	0.24189316	-0.3719348
0.13091709	0.29674944	-0.24843629	0.08141822	-0.2464325	0.38989842	-0.24555704	-0.060932025	0.1840478	0.21891098	-0.1840665	0.13858797	-0.140012	0.49186495	-0.3684095	-0.29150555	0.29979753	0.06625798	-0.1779874	0.3560614	0.32424104	0.023334155	0.25867808	-0.25012305	0.18101864	-0.25837445	0.19703135	-0.07598909	0.21019888	-0.31464836
0.14243987	0.33342335	-0.2905696	0.09159258	-0.26445413	0.40819836	-0.27119544	-0.09171812	0.21679434	0.23084435	-0.19189747	0.15500943	-0.17802244	0.5479331	-0.38274348	-0.30713463	0.3382062	0.08075244	-0.20799519	0.38148525	0.36149096	0.03130835	0.28866437	-0.29229167	0.1955337	-0.30359495	0.20838222	-0.09872987	0.25058156	-0.34880397
0.13941596	0.35056216	-0.31867492	0.12426764	-0.3025627	0.47354835	-0.30967185	-0.08357977	0.25116894	0.258036	-0.20459205	0.155003	-0.20078456	0.625492	-0.44559777	-0.3755498	0.38548446	0.09351434	-0.21283503	0.44058135	0.41529357	0.050589323	0.3396601	-0.30921084	0.20789014	-0.34417796	0.21527585	-0.08005288	0.26866317	-0.3941794
0.14485705	0.37980676	-0.3349887	0.13668244	-0.31425303	0.50124556	-0.31008393	-0.08329454	0.2361545	0.25538516	-0.23174672	0.16778404	-0.19309258	0.6552311	-0.46687555	-0.38196507	0.4038813	0.09763739	-0.2421767	0.45663553	0.45000866	0.028281393	0.35001233	-0.3486901	0.24033698	-0.35470638	0.24311271	-0.10986746	0.27826154	-0.38289547
0.12855527	0.33231208	-0.31119224	0.11807111	-0.27688482	0.44554812	-0.27377436	-0.09588031	0.22612076	0.25278485	-0.20688227	0.16160965	-0.1739214	0.59925205	-0.4331942	-0.359543	0.37985513	0.112874135	-0.2058014	0.3934459	0.41328287	0.045019846	0.30392644	-0.30370852	0.20429811	-0.31801727	0.22861193	-0.07999652	0.2701715	-0.35930768
0.12504588	0.29940087	-0.2643137	0.09985422	-0.24926223	0.3905054	-0.24349073	-0.07230614	0.20949566	0.22168049	-0.16912456	0.12640177	-0.14760025	0.5194555	-0.38330126	-0.28617227	0.32201734	0.09839547	-0.18588775	0.34678528	0.34989455	0.020834753	0.2602899	-0.24945302	0.19724312	-0.2730732	0.18935773	-0.06370707	0.23956682	-0.30920094
0.12775299	0.31391117	-0.29382098	0.122351214	-0.25873697	0.42476472	-0.25870764	-0.079680786	0.2251613	0.23707712	-0.20967296	0.14115241	-0.16661751	0.5685649	-0.39838892	-0.33622897	0.3481132	0.1030906	-0.20575742	0.3786247	0.40206805	0.041029822	0.31718764	-0.29507345	0.20227946	-0.3162196	0.20028687	-0.07277707	0.23337075	-0.32925707
0.11394551	0.31504878	-0.268508	0.090039514	-0.23885112	0.41425762	-0.25389898	-0.08084932	0.20974098	0.20755121	-0.19592202	0.12869976	-0.15675397	0.53865415	-0.39443147	-0.32301518	0.320989	0.08484504	-0.19525816	0.3487435	0.3490438	0.035418678	0.2723378	-0.27216297	0.17765221	-0.27782354	0.18625599	-0.083850175	0.24451675	-0.30810228
0.16065814	0.3594986	-0.33739117	0.10311347	-0.28987128	0.47582027	-0.29745865	-0.066952005	0.24343999	0.24543425	-0.2055478	0.14524667	-0.18663394	0.61816907	-0.4519136	-0.36221623	0.38269728	0.11716461	-0.22075854	0.42875886	0.42625755	0.02912766	0.32129267	-0.31453568	0.22585091	-0.32314447	0.22144802	-0.083054654	0.27993837	-0.3893209
0.12649176	0.28027186	-0.27745217	0.10728449	-0.22344081	0.39182	-0.25222814	-0.060700327	0.19310488	0.19905359	-0.15870476	0.13636202	-0.16347124	0.518601	-0.36082748	-0.29166812	0.324391	0.080320016	-0.19314577	0.3432561	0.35506034	0.0369448	0.284284	-0.27361408	0.18409479	-0.27659744	0.18441916	-0.088173546	0.20971861	-0.32014158
0.15564747	0.3601536	-0.3401383	0.13784516	-0.29787466	0.48149195	-0.31474674	-0.09369986	0.24203815	0.2712026	-0.23050973	0.16817826	-0.19910927	0.6236511	-0.4337983	-0.3579323	0.40351024	0.08893407	-0.22551303	0.42662683	0.43701142	0.054472856	0.34809765	-0.3330462	0.20359585	-0.32151198	0.22391208	-0.088228256	0.2731711	-0.39325032
0.17706372	0.39097917	-0.3669279	0.12078286	-0.31999466	0.51977825	-0.3323086	-0.09442652	0.27266622	0.29103082	-0.22481745	0.1668658	-0.20253731	0.66851777	-0.48795888	-0.3864219	0.43232313	0.10332473	-0.2220913	0.4615273	0.45864135	0.036437117	0.37006277	-0.3611885	0.23766463	-0.35481092	0.2459944	-0.11126329	0.2993359	-0.39874512
0.1264528	0.33754286	-0.2918874	0.10525063	-0.295866	0.44796717	-0.28422028	-0.06500096	0.22803806	0.23821618	-0.21191213	0.14488219	-0.17502353	0.5966658	-0.4252158	-0.331137	0.36404997	0.10482085	-0.2007089	0.405099	0.39657632	0.05333337	0.3201022	-0.29444394	0.19732341	-0.3265025	0.21589822	-0.07326533	0.27296633	-0.35660267
0.13303117	0.31326237	-0.27794844	0.11494569	-0.23326813	0.37673315	-0.24349046	-0.067082815	0.2118059	0.21725498	-0.15980451	0.12140769	-0.17882419	0.528463	-0.35510167	-0.30009505	0.31095392	0.072144486	-0.16757454	0.3446781	0.34478506	0.022342	0.27450565	-0.26626801	0.19685942	-0.26501387	0.20274325	-0.08956611	0.21232617	-0.31103265
0.08381531	0.21115799	-0.19959784	0.06875423	-0.1898059	0.29796314	-0.19935793	-0.061821513	0.16448934	0.1709289	-0.12756571	0.10203921	-0.13406251	0.3915846	-0.27008098	-0.24235171	0.26138833	0.06693639	-0.14356531	0.2608847	0.2737688	0.032286204	0.19757877	-0.19484323	0.14374304	-0.21816206	0.15406281	-0.047525883	0.18669486	-0.23471123
0.118804656	0.31028843	-0.27929464	0.11269	-0.22988437	0.4046118	-0.23826532	-0.055662557	0.19852771	0.21496178	-0.16345051	0.14443907	-0.15649347	0.522476	-0.3771437	-0.29948285	0.30847943	0.07544835	-0.17503999	0.34556082	0.3681644	0.019655162	0.29031128	-0.28219047	0.18867517	-0.28745675	0.180584	-0.07081822	0.23614746	-0.32491288
0.1304875	0.26376063	-0.26334795	0.08794428	-0.2406851	0.37085629	-0.23939571	-0.052751455	0.17946379	0.20477499	-0.16924855	0.11336356	-0.16074939	0.46874762	-0.34898987	-0.27317318	0.29262373	0.07856233	-0.17510179	0.3296116	0.31962684	0.034209553	0.2724841	-0.23553638	0.16534601	-0.2723439	0.16045086	-0.06099881	0.2194202	-0.30356386
0.13612865	0.325356	-0.31266809	0.10909449	-0.26027083	0.43370366	-0.26637536	-0.07654219	0.21369362	0.23404908	-0.19144799	0.13181582	-0.19846065	0.5807168	-0.3989534	-0.3392601	0.3722412	0.083538905	-0.21495338	0.39693666	0.39083773	0.028564727	0.31407815	-0.310805	0.18827635	-0.30554658	0.20125136	-0.09883767	0.26184118	-0.33827287
0.16839816	0.3692273	-0.34475568	0.12751284	-0.31245145	0.4764511	-0.3006055	-0.09866883	0.24480323	0.24760796	-0.21258783	0.14630257	-0.19232722	0.6354194	-0.45821616	-0.37817246	0.40920207	0.099304914	-0.21988855	0.42598101	0.44313926	0.026488075	0.34513485	-0.3293419	0.23196587	-0.33225688	0.2413874	-0.091568135	0.2714979	-0.3928018
0.14600016	0.3301608	-0.27990314	0.103371784	-0.26606676	0.42337355	-0.2741402	-0.08239568	0.21934906	0.23767588	-0.18138352	0.14659168	-0.1594023	0.5386201	-0.37901458	-0.33435854	0.35738572	0.09377945	-0.17960973	0.38814184	0.3851912	0.05023409	0.30881283	-0.28056246	0.1823642	-0.2938456	0.18836203	-0.07916545	0.2530582	-0.34195438
0.12655915	0.31334898	-0.26960653	0.09543753	-0.23887894	0.3945278	-0.23968288	-0.06247514	0.19938728	0.20049928	-0.18235214	0.14503905	-0.15262206	0.53662	-0.38473192	-0.28666314	0.31851292	0.09577797	-0.19349316	0.35136935	0.35230353	0.034689743	0.26896554	-0.28133282	0.1945239	-0.28166014	0.20440017	-0.09433533	0.21276091	-0.32107785
0.09326186	0.19168742	-0.17043765	0.049733914	-0.14805412	0.2544816	-0.17867713	-0.059341818	0.14010157	0.132182	-0.12570561	0.086303376	-0.093517676	0.32937613	-0.25689217	-0.19823045	0.22071175	0.04822914	-0.11305149	0.22674254	0.24192113	0.02917948	0.1845516	-0.16164765	0.13578118	-0.19877209	0.13063255	-0.059393696	0.13364223	-0.20231655
0.1537298	0.3396386	-0.30912426	0.11184475	-0.27796617	0.44090918	-0.2781552	-0.08429074	0.22315471	0.25205404	-0.21053772	0.13631915	-0.1724832	0.5787314	-0.41746017	-0.32585457	0.36612195	0.09221498	-0.2037024	0.38769498	0.40915537	0.040573884	0.30260828	-0.29368404	0.19032544	-0.32835498	0.20813175	-0.08914956	0.2556541	-0.3650225
0.12977187	0.34379587	-0.32380617	0.11142183	-0.266512	0.4419971	-0.28383002	-0.07317789	0.22999622	0.25469914	-0.21419884	0.1343669	-0.19036818	0.61080545	-0.41166866	-0.35135224	0.3766601	0.08203979	-0.19912666	0.41093984	0.39475808	0.022101061	0.32357258	-0.30258435	0.19850957	-0.31485188	0.22683874	-0.09672181	0.25298688	-0.37262657
0.085921675	0.24608603	-0.21524966	0.07311872	-0.19211598	0.30201405	-0.18858516	-0.041982725	0.154779	0.17036207	-0.14745513	0.10779724	-0.12825556	0.4254409	-0.30324385	-0.24907735	0.269018	0.060396474	-0.13919684	0.27186877	0.29416132	0.012535312	0.23352005	-0.20260678	0.14753547	-0.2188106	0.16078386	-0.044666883	0.19338611	-0.2619083
0.107087925	0.2860044	-0.25248027	0.08138297	-0.24116462	0.37054947	-0.22654766	-0.051448423	0.17872444	0.1911374	-0.17585352	0.13002771	-0.15447396	0.48599616	-0.32789725	-0.26873988	0.3157323	0.083405696	-0.15472567	0.33674744	0.34173915	0.047418546	0.24925894	-0.24808545	0.18515754	-0.2673274	0.1665705	-0.06999344	0.22074758	-0.29442546
0.11246637	0.25664574	-0.23928341	0.08172321	-0.202211	0.3400617	-0.21234055	-0.07137556	0.17285821	0.18839505	-0.15766144	0.12185422	-0.12531462	0.43870813	-0.31468114	-0.25663307	0.2720923	0.077392675	-0.16747935	0.3066657	0.29855964	0.028390449	0.22456306	-0.23387773	0.14551906	-0.2425139	0.15383236	-0.08034864	0.20572124	-0.27507788
0.116348304	0.27806935	-0.25435615	0.111222856	-0.2574734	0.3819983	-0.23554546	-0.06416104	0.20719834	0.19672723	-0.17104237	0.14615606	-0.15176731	0.52432454	-0.37786078	-0.2884966	0.3293187	0.08153446	-0.17300174	0.34911078	0.35051024	0.048169874	0.28672552	-0.25307178	0.16498335	-0.27504653	0.19303356	-0.070424676	0.23338103	-0.32620984
0.12490841	0.24620761	-0.22717956	0.07629113	-0.19785433	0.32092413	-0.22949079	-0.06680673	0.1774249	0.17990866	-0.15774237	0.1287408	-0.14322983	0.441493	-0.31576565	-0.24177155	0.27092367	0.08628459	-0.16848592	0.30779865	0.28849	0.045203697	0.24939425	-0.24338514	0.14065197	-0.22224133	0.15393385	-0.066913694	0.17859828	-0.25724265
0.13777086	0.35328346	-0.3103459	0.111763276	-0.27441183	0.4540576	-0.2806177	-0.09063433	0.24250463	0.25514603	-0.20464465	0.14605382	-0.19772302	0.6153222	-0.41912562	-0.34299472	0.38359544	0.11234876	-0.22354652	0.4272774	0.4123884	0.0431498	0.31138623	-0.3067741	0.22339475	-0.32646036	0.20926265	-0.10528873	0.27602974	-0.35678598
0.10462953	0.24127814	-0.23476249	0.09654934	-0.20528258	0.33442605	-0.20695639	-0.045843497	0.1753936	0.1855886	-0.14586905	0.1148094	-0.123037234	0.42803594	-0.31129894	-0.26560494	0.28029284	0.0562493	-0.15126243	0.29530686	0.30796316	0.03277646	0.23750094	-0.23718473	0.15388523	-0.23163503	0.17393523	-0.049548436	0.1959737	-0.2747302
0.16295066	0.36110562	-0.31163916	0.12180577	-0.3037346	0.47458047	-0.29465365	-0.083096825	0.25045082	0.25344214	-0.22102925	0.1729605	-0.20907474	0.625043	-0.4336506	-0.35339358	0.3974162	0.086202934	-0.20158379	0.4031007	0.43367836	0.04168439	0.3223	-0.3274233	0.21879427	-0.3258192	0.22338668	-0.08497455	0.28442663	-0.37212828
0.11193101	0.3002136	-0.26684237	0.0931009	-0.23744753	0.38526163	-0.24309099	-0.061178055	0.20365627	0.20355397	-0.19359066	0.11764254	-0.18057017	0.51832056	-0.3716171	-0.30073828	0.32093906	0.07367253	-0.17562848	0.36939937	0.34904632	0.038763084	0.279009	-0.27663112	0.1915683	-0.28476122	0.17945218	-0.08972041	0.22909467	-0.30492896
0.11443357	0.30265257	-0.28465906	0.11053237	-0.23661727	0.39791217	-0.259669	-0.06410902	0.18780985	0.22327015	-0.19483407	0.14945331	-0.17483549	0.53780615	-0.3679589	-0.31540772	0.34088185	0.08270336	-0.17753457	0.35213464	0.34502319	0.0436435	0.28146294	-0.2647236	0.19613406	-0.29027334	0.20230259	-0.08607611	0.24441545	-0.32692805
0.12626968	0.3003425	-0.27414376	0.08847127	-0.24245863	0.3853094	-0.24407642	-0.05106318	0.18272768	0.2028504	-0.16900419	0.1215599	-0.16468915	0.4993815	-0.36005327	-0.28108472	0.31998593	0.08909366	-0.16282141	0.352823	0.32103336	0.043248422	0.26834145	-0.2566656	0.17901547	-0.2541587	0.18804646	-0.06207193	0.21808301	-0.292104
0.10974077	0.25589272	-0.22486281	0.08829892	-0.21527742	0.32645354	-0.22814754	-0.06610825	0.17749946	0.18848655	-0.15185608	0.12802635	-0.14531375	0.4502748	-0.31942165	-0.27387586	0.27206954	0.071296655	-0.16933021	0.30485994	0.31170097	0.024664488	0.22743312	-0.21775135	0.14497443	-0.23904243	0.16484414	-0.062469	0.1842507	-0.26161867
0.12039276	0.25475588	-0.2331019	0.08935094	-0.2161162	0.3142365	-0.21205634	-0.04673957	0.1502899	0.16016842	-0.13355522	0.11328474	-0.1424973	0.441703	-0.3202917	-0.2447391	0.2576444	0.072410844	-0.16390921	0.30712983	0.28588697	0.011158458	0.22888929	-0.2112935	0.16433401	-0.22611727	0.15089616	-0.057916347	0.19452155	-0.2708651
0.14138132	0.33051005	-0.27739054	0.108375736	-0.24846144	0.417737	-0.27818197	-0.07462083	0.21736856	0.23487072	-0.20510651	0.14740145	-0.17838633	0.5497678	-0.38754034	-0.32828707	0.33734632	0.102409974	-0.1952119	0.39026174	0.39027202	0.048241604	0.28820002	-0.2736116	0.19233802	-0.3069315	0.1907769	-0.072509035	0.25757638	-0.3337604
0.12914224	0.25708294	-0.25405183	0.10577948	-0.22035961	0.34825492	-0.23318622	-0.069684885	0.16361831	0.19648725	-0.14882499	0.11773634	-0.1345466	0.4740816	-0.3408518	-0.27261323	0.3052366	0.09133784	-0.16562945	0.31290582	0.30418715	0.022172239	0.2394081	-0.22646038	0.17173105	-0.24206689	0.17747922	-0.067512825	0.20782116	-0.27409634
0.12920818	0.29861006	-0.2533415	0.10836458	-0.23997283	0.40086257	-0.26022312	-0.055775348	0.19630079	0.2004638	-0.16902834	0.12710589	-0.15874799	0.5188688	-0.3756684	-0.2790161	0.30857992	0.09829491	-0.1818591	0.3559016	0.3459992	0.021680905	0.27839312	-0.24854805	0.1658727	-0.2741708	0.20169325	-0.06834698	0.22981098	-0.30416018
0.10564579	0.27287728	-0.26332846	0.07762094	-0.22510475	0.34939867	-0.23964562	-0.06928767	0.19344278	0.18694125	-0.17640403	0.12657186	-0.15949744	0.49016282	-0.34198824	-0.27445295	0.29515675	0.08029916	-0.1551741	0.3385366	0.32531232	0.029886717	0.25152597	-0.24477614	0.17479333	-0.24461499	0.18604288	-0.083824605	0.20636247	-0.2849912
0.11899943	0.24786839	-0.22272931	0.09111409	-0.22025529	0.33601883	-0.19718666	-0.06665291	0.18128014	0.16872647	-0.15176359	0.114566855	-0.1325657	0.43916506	-0.31719092	-0.24633323	0.2897713	0.08351008	-0.1598203	0.30780628	0.30846855	0.030495122	0.22861242	-0.23676154	0.14128907	-0.23747058	0.14464988	-0.068341	0.19089715	-0.27640477
0.14745133	0.33162627	-0.3201557	0.10463982	-0.26977882	0.4470458	-0.26881278	-0.068264045	0.21579385	0.25164667	-0.18523748	0.14922094	-0.19967797	0.5790969	-0.41796118	-0.34838685	0.37207615	0.08164961	-0.21904796	0.38675418	0.3940405	0.018799024	0.31746376	-0.31194022	0.21674807	-0.30152646	0.20201614	-0.10261157	0.27432933	-0.37398475
0.11596817	0.28343678	-0.2820823	0.11209041	-0.24089445	0.39353597	-0.25484216	-0.06624941	0.19027472	0.20466532	-0.17116682	0.13723554	-0.17547157	0.4989446	-0.36670586	-0.30455905	0.31783447	0.098394714	-0.18447378	0.34362528	0.34382528	0.04039519	0.2637835	-0.2491908	0.16368124	-0.26940364	0.20034897	-0.083476126	0.2125653	-0.32112035
0.12711315	0.29459223	-0.27810574	0.09075739	-0.26124105	0.40584472	-0.27218023	-0.08620043	0.1913258	0.21077241	-0.17353202	0.13440064	-0.17953843	0.5521514	-0.37167996	-0.31649897	0.34204718	0.08293462	-0.19358963	0.38431466	0.3689787	0.020871034	0.296413	-0.28873065	0.1778459	-0.27953985	0.19678944	-0.08840677	0.22156781	-0.3352996
0.18274662	0.40873495	-0.35059646	0.13234356	-0.3432691	0.5120225	-0.32532063	-0.09973261	0.25846133	0.28370407	-0.2487602	0.1727714	-0.23354733	0.6963675	-0.50123614	-0.4032868	0.4372026	0.10058942	-0.24458027	0.4730179	0.47074524	0.03365898	0.3514394	-0.36755797	0.23368171	-0.38147599	0.24565928	-0.10123308	0.29354736	-0.43051013
0.12740536	0.3287761	-0.2927249	0.12243122	-0.27713764	0.44903812	-0.2734812	-0.07383402	0.21461347	0.23788208	-0.2046309	0.14945813	-0.18770128	0.5853378	-0.39412048	-0.34364662	0.362435	0.0871203	-0.19739199	0.40254503	0.39718935	0.051449154	0.30718496	-0.31141597	0.1938683	-0.3054369	0.22062662	-0.0772861	0.23438591	-0.3517088
0.1181505	0.29121596	-0.26911917	0.092374	-0.22931735	0.37328097	-0.24098854	-0.06785681	0.19490881	0.21035106	-0.18101409	0.12827758	-0.17605552	0.5279466	-0.37101474	-0.28327212	0.32815203	0.09182787	-0.17748754	0.3519938	0.35456955	0.04908865	0.2796152	-0.25557908	0.18965502	-0.27371407	0.19443764	-0.06262337	0.22059305	-0.31426892
0.13887694	0.30226094	-0.28021833	0.10737847	-0.25143448	0.40108252	-0.25008273	-0.07974823	0.2046211	0.21034521	-0.16933589	0.15004875	-0.17339812	0.539219	-0.36950666	-0.32035527	0.33838403	0.08803609	-0.1702161	0.36768302	0.35507	0.019483263	0.2805501	-0.26201934	0.17881177	-0.27262026	0.19466679	-0.08036848	0.22076279	-0.3246663
0.15323088	0.34580356	-0.29857472	0.13022669	-0.28468052	0.4633172	-0.28307974	-0.07561345	0.22810261	0.23742163	-0.19587573	0.13904503	-0.19075626	0.6136774	-0.41505364	-0.3607784	0.3798136	0.11157187	-0.22562036	0.39449605	0.39547944	0.02508572	0.3047201	-0.3188919	0.21480268	-0.3265405	0.20925142	-0.100168236	0.27038747	-0.36460963
0.1343601	0.3492879	-0.32684195	0.13760039	-0.28996775	0.47632372	-0.29977694	-0.07864984	0.22943085	0.2690958	-0.19978496	0.14613302	-0.21143375	0.6378274	-0.44753626	-0.37513447	0.3844318	0.092087395	-0.22445409	0.4319463	0.42678818	0.031085217	0.3377962	-0.3235726	0.22995375	-0.32066688	0.24048704	-0.078325436	0.2690396	-0.36256003
0.18702133	0.41822955	-0.3770196	0.15369411	-0.32990935	0.54762703	-0.34074476	-0.10180651	0.26717463	0.293455	-0.250027	0.17543772	-0.23166046	0.7407859	-0.5055569	-0.41923937	0.44266465	0.12495139	-0.27004635	0.47708184	0.5039909	0.03275472	0.39783627	-0.36464983	0.237281	-0.39235672	0.26912314	-0.10373465	0.31978783	-0.45595154
0.14068404	0.3545357	-0.313974	0.106933095	-0.27370927	0.46707484	-0.27851272	-0.099585034	0.24139781	0.24489574	-0.19299524	0.13947819	-0.20692623	0.61932665	-0.42025515	-0.3539157	0.38039184	0.09197934	-0.19879839	0.43120822	0.41123164	0.047537968	0.33540156	-0.32039174	0.2219458	-0.30936363	0.2062238	-0.09510447	0.26731634	-0.36477068
0.10179559	0.2642742	-0.25073376	0.0761326	-0.22669043	0.36646518	-0.24289358	-0.07854492	0.19689259	0.17826879	-0.14776678	0.12735334	-0.15477245	0.47921914	-0.3299594	-0.27795312	0.28701106	0.07297679	-0.15377259	0.3223461	0.33619526	0.022168593	0.26757175	-0.2598435	0.17231092	-0.24027707	0.17064174	-0.07987344	0.20470203	-0.29837224
0.08542302	0.24016607	-0.2153431	0.088519655	-0.20155315	0.30738792	-0.17376022	-0.052553996	0.14779744	0.15557021	-0.12873246	0.107852146	-0.13292666	0.4033743	-0.26366132	-0.22750403	0.2631559	0.080589704	-0.14620613	0.2785934	0.25184885	0.024798783	0.20307776	-0.20075803	0.13305172	-0.19861402	0.13587378	-0.045057558	0.17563942	-0.22288118
0.12554395	0.34032196	-0.3073687	0.12250809	-0.2821613	0.43865505	-0.26422393	-0.09091415	0.23064609	0.22915758	-0.198137	0.16218297	-0.16713814	0.57347673	-0.40631545	-0.32784802	0.35291412	0.09904755	-0.20586365	0.4095908	0.39491978	0.046907935	0.3073411	-0.2915861	0.21490376	-0.307049	0.214367	-0.0713115	0.24055308	-0.36452886
0.13583247	0.28147462	-0.26094228	0.10963645	-0.25639307	0.38971555	-0.24986376	-0.06628281	0.1852749	0.19746411	-0.1679595	0.1366726	-0.1675903	0.50898284	-0.37522823	-0.28864986	0.31707162	0.09817596	-0.19443052	0.33837083	0.3569934	0.027391	0.27763385	-0.2518446	0.17426899	-0.27838653	0.1698292	-0.07291874	0.20834798	-0.3076289
0.11133915	0.2889287	-0.27723098	0.09544399	-0.2528208	0.40255263	-0.23581126	-0.060042586	0.19376203	0.22101255	-0.16191597	0.1312011	-0.15001422	0.5379145	-0.37569296	-0.3063412	0.3171557	0.0957987	-0.1733332	0.36595672	0.36717978	0.03195694	0.2751666	-0.2597248	0.18338068	-0.2864414	0.18134668	-0.08385893	0.23559971	-0.31292075
0.11744567	0.3213184	-0.28232065	0.115170136	-0.26058128	0.41813928	-0.2574881	-0.058364775	0.19094189	0.21841134	-0.18863697	0.1497403	-0.17816032	0.5399544	-0.3728226	-0.29490307	0.34259114	0.0983551	-0.1893746	0.3642847	0.35127476	0.031146638	0.2817253	-0.28595698	0.1696067	-0.29603037	0.1792459	-0.06578899	0.2285719	-0.31930965
0.15229581	0.36484724	-0.34027055	0.12674542	-0.27764443	0.46168408	-0.28629044	-0.08119454	0.24529858	0.25938058	-0.2009059	0.15494183	-0.19599217	0.64352113	-0.45694742	-0.356054	0.37794974	0.11169986	-0.23261528	0.4106271	0.41343176	0.029043011	0.33707023	-0.33266327	0.2079572	-0.3413799	0.21552908	-0.09495629	0.25856307	-0.38319162
0.14171217	0.34671056	-0.3103578	0.110550314	-0.26656824	0.4569444	-0.26527944	-0.08389592	0.23531152	0.222757	-0.18805453	0.14323626	-0.17560609	0.5982898	-0.4264614	-0.34924018	0.38325855	0.10527988	-0.19649984	0.40731746	0.40581816	0.032850098	0.3086297	-0.28823474	0.20785655	-0.30698836	0.22319004	-0.09536362	0.2643985	-0.36574537
0.10038583	0.23940596	-0.21154037	0.06092363	-0.17025879	0.28824994	-0.17677905	-0.06076448	0.13772842	0.15882643	-0.133659	0.11288138	-0.10892817	0.40885332	-0.29403433	-0.23781377	0.24667378	0.06805217	-0.14792247	0.28554797	0.2832067	0.03706367	0.19828509	-0.21848752	0.13155133	-0.20105465	0.16002512	-0.048054446	0.1903101	-0.24644262
0.15836746	0.33363253	-0.29514754	0.13300964	-0.28470787	0.45611915	-0.28446618	-0.093569465	0.2458979	0.24735211	-0.19231665	0.13702787	-0.19086649	0.60638684	-0.42643556	-0.35547808	0.3770996	0.115569755	-0.22172408	0.4150424	0.39531633	0.041222997	0.30631316	-0.3241879	0.21449062	-0.30915052	0.21693286	-0.07603571	0.26561728	-0.36359662
0.15807039	0.35060823	-0.333642	0.13792168	-0.2981595	0.49881193	-0.31200892	-0.06964796	0.23411863	0.26787758	-0.21959132	0.17709956	-0.19262893	0.6572123	-0.44255525	-0.37770692	0.4104442	0.11783722	-0.23720022	0.42648292	0.44586474	0.026815278	0.34418592	-0.31391057	0.23463048	-0.33322817	0.23584898	-0.093788765	0.2876999	-0.4005438
0.14392874	0.35214964	-0.34219483	0.14106746	-0.26886952	0.4549494	-0.28194627	-0.070182495	0.2527064	0.27365258	-0.22788794	0.16941673	-0.21015193	0.6330747	-0.43610558	-0.37447613	0.36815685	0.11459662	-0.21834475	0.43764654	0.40495056	0.028789226	0.32256803	-0.33284065	0.20124474	-0.3417756	0.21064146	-0.09489059	0.26676586	-0.35960746
0.15566808	0.3538166	-0.33520716	0.13146454	-0.3057131	0.47215393	-0.31110275	-0.08013495	0.25262842	0.266391	-0.21580827	0.17549346	-0.19652715	0.6242685	-0.46652073	-0.35940883	0.41555893	0.109927535	-0.21851695	0.42425212	0.4186183	0.024519527	0.333368	-0.31475326	0.22595145	-0.33162183	0.241223	-0.09931195	0.287661	-0.38451615
0.14844692	0.37858927	-0.32809824	0.11936772	-0.30259836	0.49877107	-0.32681757	-0.09233136	0.24303588	0.27740765	-0.23291236	0.16571996	-0.20783037	0.66657007	-0.45200416	-0.37533075	0.42454162	0.10693172	-0.21889636	0.45205575	0.42641538	0.0484152	0.3430222	-0.33650932	0.22800852	-0.34771064	0.22687969	-0.08263101	0.2931759	-0.38075992
0.14144614	0.34201902	-0.2891211	0.105654486	-0.2675503	0.4295375	-0.26188552	-0.093875885	0.20697112	0.23755969	-0.18321437	0.15509334	-0.18278295	0.5867504	-0.41859558	-0.32162037	0.3760956	0.08158625	-0.1882237	0.38850585	0.3890352	0.037320968	0.3116597	-0.31513423	0.21491912	-0.295515	0.20030732	-0.093755886	0.24550034	-0.35914323
0.117123194	0.3025333	-0.28413275	0.11290907	-0.24568276	0.39047801	-0.2486575	-0.082530335	0.19056977	0.2196891	-0.19099851	0.13985354	-0.16941069	0.51728916	-0.35883224	-0.31787255	0.33635768	0.076251075	-0.20043148	0.3595624	0.34785992	0.04262591	0.2816265	-0.27678242	0.19116966	-0.27905276	0.19031261	-0.083834164	0.22094007	-0.32069477
0.11970769	0.27254438	-0.23427923	0.07596716	-0.2132593	0.34557268	-0.21210055	-0.07534718	0.19040148	0.19030073	-0.14003506	0.11896923	-0.13889875	0.4565918	-0.30907553	-0.25215393	0.27463922	0.07122313	-0.17167889	0.31396094	0.32334083	0.02722538	0.24564442	-0.23384239	0.15005024	-0.24789186	0.15871318	-0.07703409	0.19530924	-0.2690503
0.10265668	0.2779452	-0.24956954	0.105724715	-0.20418781	0.3400881	-0.22896919	-0.047923822	0.1962421	0.18366027	-0.17056398	0.12984599	-0.14992057	0.46838924	-0.32228494	-0.2593503	0.2948454	0.090917185	-0.178274	0.31168655	0.3192551	0.022670701	0.26479742	-0.2355868	0.1543943	-0.24136293	0.18065898	-0.07038136	0.21737903	-0.28180405
0.1304884	0.26950023	-0.24652351	0.1053688	-0.24365105	0.38071385	-0.22670147	-0.08302685	0.18338495	0.22039068	-0.15297207	0.13923895	-0.15216856	0.5039674	-0.33808738	-0.29926017	0.32084364	0.07491491	-0.18856147	0.32102814	0.324485	0.03711725	0.26317647	-0.24683467	0.17759101	-0.2753544	0.17178103	-0.064324595	0.21552587	-0.3182312
0.115803204	0.27457246	-0.26860043	0.107610546	-0.24768126	0.3600615	-0.23795134	-0.07903241	0.20359677	0.20056488	-0.17410025	0.12414644	-0.1464454	0.5088677	-0.3634121	-0.30393332	0.29939952	0.09243739	-0.17284556	0.3518893	0.34740305	0.0438229	0.26411676	-0.2709127	0.1814208	-0.24773999	0.18712348	-0.07539738	0.22813378	-0.3113052
0.15938555	0.34651557	-0.3143436	0.12570591	-0.2684147	0.46120912	-0.29285076	-0.07137677	0.2454139	0.24346663	-0.21409574	0.14752023	-0.17673123	0.6192668	-0.44174764	-0.35728514	0.36458358	0.09992683	-0.19764744	0.41001406	0.4139657	0.024781749	0.31795955	-0.31244928	0.22524326	-0.3054208	0.23107916	-0.08441729	0.25137788	-0.37833616
